url,date,title
"/mnh/tix/5331117460.html,/mnh/tix/5331117460.html",,ORCHESTRA CENTER ROW A!!! MY MORNING JACKET SHRINE
"/mnh/tix/5331186721.html,/mnh/tix/5331186721.html",,"Single Ticket for ""Hamilton"" on Broadway 11/25, 8pm"
"/mnh/tix/5331060992.html,/mnh/tix/5331060992.html",,Want to see Nick Jonas?
"/mnh/tix/5331123242.html,/mnh/tix/5331123242.html",,"RANGERS VS MONTREAL, NOV 25 EXTRA PAIR"
"/mnh/tix/5331180567.html,/mnh/tix/5331180567.html",,Andrea Bocelli Ticket
"/brx/tix/5331161355.html,/brx/tix/5331161355.html",,SELLING 3 SEATS RANGERS VS MONTREAL 11/25 SEC226 ROW15 CALL ME NOW
"/mnh/tix/5331170863.html,/mnh/tix/5331170863.html",,2 Orchestra Tix to My Morning Jacket WED 11/25
"/mnh/tix/5324692086.html,/mnh/tix/5324692086.html",,Great seats for Heat vs Knicks
"/mnh/tix/5331126607.html,/mnh/tix/5331126607.html",,HAMILTON 11/25/15 8:00 SHOW
"/mnh/tix/5331133038.html,/mnh/tix/5331133038.html",,Macys parade viewing location neesed
"/mnh/tix/5331144264.html,/mnh/tix/5331144264.html",,dragonette at bowery ballroom
"/brk/tix/5331139496.html,/brk/tix/5331139496.html",,"My Morning Jacket Wed Nov 25, The Beacon"
"/mnh/tix/5331111973.html,/mnh/tix/5331111973.html",,Hamilton SCAM ALERT. Dont fall for the A-holes posting this
"/mnh/tix/5331075945.html,/mnh/tix/5331075945.html",,---------------New York JETS v DOLPHINS 11/29 --LL END ZONE-------
"/mnh/tix/5331078691.html,/mnh/tix/5331078691.html",,-------------New York JETS v Miami DOLPHINS 11/29 --LL END ZONE-------
"/mnh/tix/5331136725.html,/mnh/tix/5331136725.html",,2 TICKETS NY RANGERS VS CANADIENS 11/25 WED LOWER LEVEL SECTION 110
"/mnh/tix/5331072103.html,/mnh/tix/5331072103.html",,= = = NY JETS tickets vs Miami DOLPHINS 11/29 --LL END ZONE --
"/mnh/tix/5331133637.html,/mnh/tix/5331133637.html",,2 Beautiful tickets-2pm Nov 27 Black Friday
"/mnh/tix/5331132583.html,/mnh/tix/5331132583.html",,2x ticket GTA @ Irving Plaza thanksgiving eve
"/brk/tix/5305422425.html,/brk/tix/5305422425.html",,1/17 Islanders - Canucks Barclays Center Section 226 Row 16
"/brk/tix/5296725370.html,/brk/tix/5296725370.html",,1/7 Islanders - Capitals Barclays Center Section 226 Row 16
"/brk/tix/5296706295.html,/brk/tix/5296706295.html",,12/21 Islanders - Ducks Barclays Center Section 226 Row 16
"/brk/tix/5296721383.html,/brk/tix/5296721383.html",,1/3 Islanders - Stars Barclays Center Section 226 Row 16
"/brk/tix/5296709432.html,/brk/tix/5296709432.html",,12/27 Islanders - Maple Leafs Barclays Center Section 226 Row 16
"/brk/tix/5296728356.html,/brk/tix/5296728356.html",,1/12 Islanders - Blue Jackets Barclays Center Section 226 Row 16
"/mnh/tix/5331073955.html,/mnh/tix/5331073955.html",,-----New York JETS v Miami Dolphins 11/29 -- LL END ZONE-------
"/mnh/tix/5331127157.html,/mnh/tix/5331127157.html",,Glen Hansard - Kings Theatre - 11/30 - 2 tickets - Section 3
"/mnh/tix/5314804194.html,/mnh/tix/5314804194.html",,11/28 Saturday - NY Rangers vs Philadelphia Flyers - BAR STOOLS
"/mnh/tix/5319090393.html,/mnh/tix/5319090393.html",,Monday Jan. 11th- NY Rangers vs Boston Bruins WEST BALCONY
"/mnh/tix/5331103477.html,/mnh/tix/5331103477.html",,Miami Heat at New York Knicks
"/mnh/tix/5331119813.html,/mnh/tix/5331119813.html",,Saturday Jan 9th-NY Rangers v Washington Capitals WEST BALCONY BRIDGE
"/mnh/tix/5331102919.html,/mnh/tix/5331102919.html",,RANGERS VS CANADIENS!!!!!TICKETS
"/mnh/tix/5331116544.html,/mnh/tix/5331116544.html",,WANTED: 1 ORCH TICKET TO MMJ 11/25
"/mnh/tix/5331109462.html,/mnh/tix/5331109462.html",,A pair for Eclipsed 11/27 8pm
"/mnh/tix/5331104294.html,/mnh/tix/5331104294.html",,Miami Heat at New York Knicks
"/mnh/tix/5331103045.html,/mnh/tix/5331103045.html",,Eclipsed: Lupita Nyong'o at The Public 11/27 This Friday!
"/lgi/tix/5331100340.html,/lgi/tix/5331100340.html",,Jets/titans
"/mnh/tid/5331100297.html,/mnh/tid/5331100297.html",,"âœª ""CHICAGO"" on BROADWAY with NENE LEAKES $59 TONIGHT 8pm & ALL WEEK!"
"/que/tix/5331089952.html,/que/tix/5331089952.html",,Spa Castle Weekend Tickets
"/mnh/tid/5331097080.html,/mnh/tid/5331097080.html",,JUSTIN BIEBER TICKETS ðŸ’– LOWEST PRICES + KILLER SEATS-ALL SECTIONS!!
"/mnh/tix/5331080951.html,/mnh/tix/5331080951.html",,Z100 JINGLE BALL!!!!MSG
"/jsy/tix/5331086928.html,/jsy/tix/5331086928.html",,KNICKS vs. HEAT FLOOR SEATS! FRIDAY NIGHT!
"/wch/tix/5331077638.html,/wch/tix/5331077638.html",,KNICKS vs. HEAT FLOOR SEATS! FRIDAY NIGHT!
"/mnh/tix/5331082077.html,/mnh/tix/5331082077.html",,My Morning Jacket - MMJ Wed
"/lgi/tix/5331081787.html,/lgi/tix/5331081787.html",,KNICKS vs. HEAT FLOOR SEATS! FRIDAY NIGHT!
"/mnh/tix/5322667023.html,/mnh/tix/5322667023.html",,Met Opera- Fledermaus- 1/2/16
"/mnh/tix/5322661158.html,/mnh/tix/5322661158.html",,Met Opera- Maria Stuarda- 2/5/16
"/mnh/tix/5331079525.html,/mnh/tix/5331079525.html",,THANSGIVING EVE LAVO TIXX- $40 Best TGE party in NYC!!
"/mnh/tix/5331076431.html,/mnh/tix/5331076431.html",,CHARITY- 2 Grandstand tickets for Macy's Thanksgiving Parade - 34th St
"/mnh/tix/5331076335.html,/mnh/tix/5331076335.html",,My Morning Jacket tonite orchestra center face value
"/mnh/tix/5331045943.html,/mnh/tix/5331045943.html",,2 tickets to KSHMR - this sat
"/mnh/tix/5306604424.html,/mnh/tix/5306604424.html",,Coachella 2016 & Stagecoach Music Festivals
"/mnh/tix/5306938074.html,/mnh/tix/5306938074.html",,Its almost time for Jingle Ball!!!
"/mnh/tix/5320636463.html,/mnh/tix/5320636463.html",,Calling all Miley Cyrus fans!!! Tickets to her sold out show!
"/mnh/tix/5331068222.html,/mnh/tix/5331068222.html",,"3 BLACK SABBATH TICKETS - SAT, FEB 27 , MSG PLUS PARKING PASS"
"/mnh/tix/5331048285.html,/mnh/tix/5331048285.html",,2 tickets to Dark Star Orchestra - this sat show
"/fct/tix/5331062920.html,/fct/tix/5331062920.html",,Giants vs. Jets - 4 tickets
"/mnh/tix/5331041810.html,/mnh/tix/5331041810.html",,2 tickets to My Morning Jacket SAT show
"/mnh/tix/5331043733.html,/mnh/tix/5331043733.html",,2 tickets to Brian Setzer Orchestra this sat
"/mnh/tix/5331039870.html,/mnh/tix/5331039870.html",,2 tickets to Arlo Guthrie - this sat
"/mnh/tix/5330971923.html,/mnh/tix/5330971923.html",,TONIGHT - 4 Saturday Night Live Cast Members + More
"/mnh/tix/5331039297.html,/mnh/tix/5331039297.html",,Radio City Music Hall Rockette Christmas Spectacular Tickets
"/mnh/tix/5330239429.html,/mnh/tix/5330239429.html",,My Morning Jacket - 2 Orchestra Tickets $150 Each - 11/24
"/mnh/tix/5330935440.html,/mnh/tix/5330935440.html",,NYC 3 Thanksgiving Day Parade Tickets - $200 each or $500 set
"/mnh/tix/5322792967.html,/mnh/tix/5322792967.html",,NEW YORK RANGERS vs. Carolina - GREAT SEATS - Monday 11/30
"/mnh/tix/5331009798.html,/mnh/tix/5331009798.html",,Need 2 or 4 tickets - Macy's Thanksgiving Day Parade - Any Location
"/mnh/tid/5331004708.html,/mnh/tid/5331004708.html",,HAMILTON TICKETS â˜… BROADWAY SHOWS AUTHENTIC DISCOUNTED ORCHESTRA SEATS
"/que/tix/5330883399.html,/que/tix/5330883399.html",,miley cyrus
"/mnh/tix/5285798878.html,/mnh/tix/5285798878.html",,JETS AND GIANTS TAILGATE PARTY
"/mnh/tix/5330867212.html,/mnh/tix/5330867212.html",,"NY JETS vs MIAMI DOLPHINS - SUNDAY, 11/29, GREEN/CLUB PARKING PASS"
"/brk/tix/5327559713.html,/brk/tix/5327559713.html",,KNICKS 11/27
"/mnh/tix/5330989344.html,/mnh/tix/5330989344.html",,New YORK GIANTS VS DOLPHINS
"/brk/tix/5325746166.html,/brk/tix/5325746166.html",,NY Islanders tickets Sec 222 Row 2 Best Value!
"/mnh/tid/5330983638.html,/mnh/tid/5330983638.html",,Rangers vs Montreal Canadiens 100 level club center nov 25 $180 each
"/mnh/tix/5330980738.html,/mnh/tix/5330980738.html",,2 MACY'S THANKSGIVING DAY PARADE TICKETS 34th Street
"/mnh/tix/5330818922.html,/mnh/tix/5330818922.html",,2 NY JETS vs Tennessee on 50 Yard Line Sunday Nov 29 ViP Parking!
"/brk/tix/5330969546.html,/brk/tix/5330969546.html",,2 Tickets - KEVIN DEVINE - Dec 11
"/mnh/tix/5330972771.html,/mnh/tix/5330972771.html",,Alvin Ailey Dec 19 matinee Half price tix
"/mnh/tix/5330931798.html,/mnh/tix/5330931798.html",,Montreal Canadiens AT New York Rangers Tickets
"/mnh/tix/5307309466.html,/mnh/tix/5307309466.html",,2 OR 4 KNICKS VS NETS FRIDAY GAME CENTER COURT AISLE SEATS!!!
"/mnh/tix/5307307272.html,/mnh/tix/5307307272.html",,2 OR 4 KNICKS VS 76ERS WEDNESDAY NIGHT CENTER COURT AISLE SEATS!!!
"/mnh/tix/5307306609.html,/mnh/tix/5307306609.html",,2-4 KNICKS CENTER COURT AISLE TICKETS TO MOST GAMES STILL AVAILABLE!!!
"/mnh/tix/5330966585.html,/mnh/tix/5330966585.html",,My Morning Jacket tickets for tonight 11/24 Orchestra 4 row L Aisle!
"/mnh/tix/5330941979.html,/mnh/tix/5330941979.html",,IMAX 3D DEC 17--7PM AMC LOEWS 34TH STAR WARS THE FORCE AWAKENS
"/mnh/tix/5330940564.html,/mnh/tix/5330940564.html",,China Doll Pacino Opening Night Front Row
"/mnh/tix/5330878629.html,/mnh/tix/5330878629.html",,Hamilton on Broadway 11/27
"/brk/tix/5330954233.html,/brk/tix/5330954233.html",,Nov. 29th Brooklyn Nets vs. Detroit pistons
"/mnh/tix/5330902986.html,/mnh/tix/5330902986.html",,SOLD OUT JINGLE BALL TICKETS
"/mnh/tix/5330952122.html,/mnh/tix/5330952122.html",,($150) Macy's Thanksgiving Day Parade - 71st Street Grandstand
"/mnh/tix/5330879453.html,/mnh/tix/5330879453.html",,Distinguished Concerts Orchestra and Concerts Singers In
"/brk/tix/5330927539.html,/brk/tix/5330927539.html",,Danny Jacobs vs. Peter Quillin BOXING 12/05
"/mnh/tix/5330918544.html,/mnh/tix/5330918544.html",,Glen Hansard tickets
"/mnh/tid/5330944103.html,/mnh/tid/5330944103.html",,JETS TICKETS ðŸŽ† NEW YORK JETS VS DOLPHINS GIANTS TITANS PATRIOTS!
"/mnh/tix/5307379676.html,/mnh/tix/5307379676.html",,GREEN CLUB PARKING Pass for NY JETS on Sunday 12/13 vs Tennessee
"/mnh/tix/5330941731.html,/mnh/tix/5330941731.html",,2 CHEAP CENTER ICE TICKETS to 11/25 Rangers vs Canadiens Game
"/mnh/tix/5308763951.html,/mnh/tix/5308763951.html",,2 ORANGE PARKING Passes Only* For NY JETS vs DOLPHINS on Nov 29
"/mnh/tix/5309115726.html,/mnh/tix/5309115726.html",,2 ORANGE PARKING Passes Only* For NY JETS vs PATRIOTS on December 27
"/mnh/tix/5330934962.html,/mnh/tix/5330934962.html",,Phish NYE 12/31 MSG 2 tix - Trade for 1/2
"/mnh/tix/5330934382.html,/mnh/tix/5330934382.html",,My Morning Jacket Trade 11/25 for 11/27
"/jsy/tix/5330867761.html,/jsy/tix/5330867761.html",,NY Mets Tickets for 2016
